scenario,scenario_size,method,mode_profile,task_class,assigned_task_count,total_task_payment,mean_task_payment,total_task_externality,mean_task_externality
stable_warehouse_load,Warehouse-M,fixed_heuristic,default,inventory_recognition,54,0.0,0.0,0.0,0.0
stable_warehouse_load,Warehouse-M,fixed_heuristic,default,localization_slam,139,0.0,0.0,0.0,0.0
stable_warehouse_load,Warehouse-M,fixed_heuristic,default,obstacle_detection,97,0.0,0.0,0.0,0.0
stable_warehouse_load,Warehouse-M,fixed_heuristic,default,path_replanning,117,0.0,0.0,0.0,0.0
stable_warehouse_load,Warehouse-M,fixed_heuristic,default,perception,58,0.0,0.0,0.0,0.0
stable_warehouse_load,Warehouse-M,fixed_heuristic,default,telemetry_diagnostics,118,0.0,0.0,0.0,0.0
stable_warehouse_load,Warehouse-M,fixed_vcg,default,inventory_recognition,54,2.7977620220553945e-14,5.181040781584064e-16,2.7977620220553945e-14,5.181040781584064e-16
stable_warehouse_load,Warehouse-M,fixed_vcg,default,localization_slam,139,3.3639757646142243e-14,2.4201264493627515e-16,3.3639757646142243e-14,2.4201264493627515e-16
stable_warehouse_load,Warehouse-M,fixed_vcg,default,obstacle_detection,97,3.064215547965432e-14,3.158985100995291e-16,3.064215547965432e-14,3.158985100995291e-16
stable_warehouse_load,Warehouse-M,fixed_vcg,default,path_replanning,117,5.595524044110789e-14,4.782499183000674e-16,5.595524044110789e-14,4.782499183000674e-16
stable_warehouse_load,Warehouse-M,fixed_vcg,default,perception,58,1.554312234475219e-14,2.679848680129688e-16,1.554312234475219e-14,2.679848680129688e-16
stable_warehouse_load,Warehouse-M,fixed_vcg,default,telemetry_diagnostics,118,3.164135620181696e-14,2.681470864560759e-16,3.164135620181696e-14,2.681470864560759e-16
stable_warehouse_load,Warehouse-M,qmix_heuristic,default,inventory_recognition,53,0.0,0.0,0.0,0.0
stable_warehouse_load,Warehouse-M,qmix_heuristic,default,localization_slam,140,0.0,0.0,0.0,0.0
stable_warehouse_load,Warehouse-M,qmix_heuristic,default,obstacle_detection,103,0.0,0.0,0.0,0.0
stable_warehouse_load,Warehouse-M,qmix_heuristic,default,path_replanning,117,0.0,0.0,0.0,0.0
stable_warehouse_load,Warehouse-M,qmix_heuristic,default,perception,59,0.0,0.0,0.0,0.0
stable_warehouse_load,Warehouse-M,qmix_heuristic,default,telemetry_diagnostics,118,0.0,0.0,0.0,0.0
stable_warehouse_load,Warehouse-M,ample_amr,default,inventory_recognition,53,2.042810365310288e-14,3.8543591798307323e-16,2.042810365310288e-14,3.8543591798307323e-16
stable_warehouse_load,Warehouse-M,ample_amr,default,localization_slam,140,7.505107646466058e-14,5.360791176047184e-16,7.505107646466058e-14,5.360791176047184e-16
stable_warehouse_load,Warehouse-M,ample_amr,default,obstacle_detection,103,2.3092638912203256e-14,2.2420037778838113e-16,2.3092638912203256e-14,2.2420037778838113e-16
stable_warehouse_load,Warehouse-M,ample_amr,default,path_replanning,117,4.440892098500626e-14,3.795634272222757e-16,4.440892098500626e-14,3.795634272222757e-16
stable_warehouse_load,Warehouse-M,ample_amr,default,perception,59,1.021405182655144e-14,1.7311952248392272e-16,1.021405182655144e-14,1.7311952248392272e-16
stable_warehouse_load,Warehouse-M,ample_amr,default,telemetry_diagnostics,118,6.23945339839338e-14,5.287672371519813e-16,6.23945339839338e-14,5.287672371519813e-16
stable_warehouse_load,Warehouse-M,c_ample_amr,default,inventory_recognition,50,1.2434497875801753e-14,2.486899575160351e-16,1.2434497875801753e-14,2.486899575160351e-16
stable_warehouse_load,Warehouse-M,c_ample_amr,default,localization_slam,140,6.328271240363392e-14,4.520193743116708e-16,6.328271240363392e-14,4.520193743116708e-16
stable_warehouse_load,Warehouse-M,c_ample_amr,default,obstacle_detection,94,2.3092638912203256e-14,2.4566637140641763e-16,2.3092638912203256e-14,2.4566637140641763e-16
stable_warehouse_load,Warehouse-M,c_ample_amr,default,path_replanning,117,8.926193117986259e-14,7.629224887167742e-16,8.926193117986259e-14,7.629224887167742e-16
stable_warehouse_load,Warehouse-M,c_ample_amr,default,perception,58,9.769962616701378e-15,1.6844763132243754e-16,9.769962616701378e-15,1.6844763132243754e-16
stable_warehouse_load,Warehouse-M,c_ample_amr,default,telemetry_diagnostics,118,3.9968028886505635e-14,3.3871210920767486e-16,3.9968028886505635e-14,3.3871210920767486e-16
stable_warehouse_load,Warehouse-M,random_modes_heuristic,default,inventory_recognition,53,0.0,0.0,0.0,0.0
stable_warehouse_load,Warehouse-M,random_modes_heuristic,default,localization_slam,138,0.0,0.0,0.0,0.0
stable_warehouse_load,Warehouse-M,random_modes_heuristic,default,obstacle_detection,92,0.0,0.0,0.0,0.0
stable_warehouse_load,Warehouse-M,random_modes_heuristic,default,path_replanning,117,0.0,0.0,0.0,0.0
stable_warehouse_load,Warehouse-M,random_modes_heuristic,default,perception,59,0.0,0.0,0.0,0.0
stable_warehouse_load,Warehouse-M,random_modes_heuristic,default,telemetry_diagnostics,118,0.0,0.0,0.0,0.0
peak_warehouse_load,Warehouse-M,fixed_heuristic,default,inventory_recognition,104,0.0,0.0,0.0,0.0
peak_warehouse_load,Warehouse-M,fixed_heuristic,default,localization_slam,223,0.0,0.0,0.0,0.0
peak_warehouse_load,Warehouse-M,fixed_heuristic,default,obstacle_detection,137,0.0,0.0,0.0,0.0
peak_warehouse_load,Warehouse-M,fixed_heuristic,default,path_replanning,184,0.0,0.0,0.0,0.0
peak_warehouse_load,Warehouse-M,fixed_heuristic,default,perception,68,0.0,0.0,0.0,0.0
peak_warehouse_load,Warehouse-M,fixed_heuristic,default,telemetry_diagnostics,183,0.0,0.0,0.0,0.0
peak_warehouse_load,Warehouse-M,fixed_vcg,default,inventory_recognition,104,0.2121362197739023,0.0020397713439798295,0.2121362197739023,0.0020397713439798295
peak_warehouse_load,Warehouse-M,fixed_vcg,default,localization_slam,223,1.9606538614880265e-13,8.792169782457518e-16,1.9606538614880265e-13,8.792169782457518e-16
peak_warehouse_load,Warehouse-M,fixed_vcg,default,obstacle_detection,137,7.149836278586008e-14,5.218858597508035e-16,7.149836278586008e-14,5.218858597508035e-16
peak_warehouse_load,Warehouse-M,fixed_vcg,default,path_replanning,184,0.0246564891009613,0.00013400265815739835,0.0246564891009613,0.00013400265815739835
peak_warehouse_load,Warehouse-M,fixed_vcg,default,perception,68,4.707345624410664e-14,6.922567094721564e-16,4.707345624410664e-14,6.922567094721564e-16
peak_warehouse_load,Warehouse-M,fixed_vcg,default,telemetry_diagnostics,183,1.5476508963274682e-13,8.457108723100919e-16,1.5476508963274682e-13,8.457108723100919e-16
peak_warehouse_load,Warehouse-M,qmix_heuristic,default,inventory_recognition,98,0.0,0.0,0.0,0.0
peak_warehouse_load,Warehouse-M,qmix_heuristic,default,localization_slam,223,0.0,0.0,0.0,0.0
peak_warehouse_load,Warehouse-M,qmix_heuristic,default,obstacle_detection,156,0.0,0.0,0.0,0.0
peak_warehouse_load,Warehouse-M,qmix_heuristic,default,path_replanning,184,0.0,0.0,0.0,0.0
peak_warehouse_load,Warehouse-M,qmix_heuristic,default,perception,74,0.0,0.0,0.0,0.0
peak_warehouse_load,Warehouse-M,qmix_heuristic,default,telemetry_diagnostics,183,0.0,0.0,0.0,0.0
peak_warehouse_load,Warehouse-M,ample_amr,default,inventory_recognition,98,2.5757174171303632e-14,2.628283078704452e-16,2.5757174171303632e-14,2.628283078704452e-16
peak_warehouse_load,Warehouse-M,ample_amr,default,localization_slam,223,2.1671553440683056e-13,9.718185399409442e-16,2.1671553440683056e-13,9.718185399409442e-16
peak_warehouse_load,Warehouse-M,ample_amr,default,obstacle_detection,156,5.861977570020827e-14,3.75767792950053e-16,5.861977570020827e-14,3.75767792950053e-16
peak_warehouse_load,Warehouse-M,ample_amr,default,path_replanning,184,1.8618440122963875e-13,1.0118717458132542e-15,1.8618440122963875e-13,1.0118717458132542e-15
peak_warehouse_load,Warehouse-M,ample_amr,default,perception,74,1.0880185641326534e-14,1.4702953569360181e-16,1.0880185641326534e-14,1.4702953569360181e-16
peak_warehouse_load,Warehouse-M,ample_amr,default,telemetry_diagnostics,183,5.684341886080802e-14,3.106197751956722e-16,5.684341886080802e-14,3.106197751956722e-16
peak_warehouse_load,Warehouse-M,c_ample_amr,default,inventory_recognition,95,4.574118861455645e-14,4.814861959426995e-16,4.574118861455645e-14,4.814861959426995e-16
peak_warehouse_load,Warehouse-M,c_ample_amr,default,localization_slam,223,1.1390888232654106e-13,5.108021628992873e-16,1.1390888232654106e-13,5.108021628992873e-16
peak_warehouse_load,Warehouse-M,c_ample_amr,default,obstacle_detection,158,7.283063041541027e-14,4.609533570595587e-16,7.283063041541027e-14,4.609533570595587e-16
peak_warehouse_load,Warehouse-M,c_ample_amr,default,path_replanning,184,1.3100631690576847e-13,7.119908527487417e-16,1.3100631690576847e-13,7.119908527487417e-16
peak_warehouse_load,Warehouse-M,c_ample_amr,default,perception,71,0.42055496275658255,0.005923309334599754,0.42055496275658255,0.005923309334599754
peak_warehouse_load,Warehouse-M,c_ample_amr,default,telemetry_diagnostics,183,1.0169642905566434e-13,5.557181915610073e-16,1.0169642905566434e-13,5.557181915610073e-16
peak_warehouse_load,Warehouse-M,random_modes_heuristic,default,inventory_recognition,97,0.0,0.0,0.0,0.0
peak_warehouse_load,Warehouse-M,random_modes_heuristic,default,localization_slam,224,0.0,0.0,0.0,0.0
peak_warehouse_load,Warehouse-M,random_modes_heuristic,default,obstacle_detection,145,0.0,0.0,0.0,0.0
peak_warehouse_load,Warehouse-M,random_modes_heuristic,default,path_replanning,184,0.0,0.0,0.0,0.0
peak_warehouse_load,Warehouse-M,random_modes_heuristic,default,perception,69,0.0,0.0,0.0,0.0
peak_warehouse_load,Warehouse-M,random_modes_heuristic,default,telemetry_diagnostics,183,0.0,0.0,0.0,0.0
heterogeneous_edge_nodes,Warehouse-M+,fixed_heuristic,default,inventory_recognition,72,0.0,0.0,0.0,0.0
heterogeneous_edge_nodes,Warehouse-M+,fixed_heuristic,default,localization_slam,138,0.0,0.0,0.0,0.0
heterogeneous_edge_nodes,Warehouse-M+,fixed_heuristic,default,obstacle_detection,101,0.0,0.0,0.0,0.0
heterogeneous_edge_nodes,Warehouse-M+,fixed_heuristic,default,path_replanning,104,0.0,0.0,0.0,0.0
heterogeneous_edge_nodes,Warehouse-M+,fixed_heuristic,default,perception,64,0.0,0.0,0.0,0.0
heterogeneous_edge_nodes,Warehouse-M+,fixed_heuristic,default,telemetry_diagnostics,98,0.0,0.0,0.0,0.0
heterogeneous_edge_nodes,Warehouse-M+,fixed_vcg,default,inventory_recognition,72,2.042810365310288e-14,2.837236618486511e-16,2.042810365310288e-14,2.837236618486511e-16
heterogeneous_edge_nodes,Warehouse-M+,fixed_vcg,default,localization_slam,138,5.861977570020827e-14,4.247809833348425e-16,5.861977570020827e-14,4.247809833348425e-16
heterogeneous_edge_nodes,Warehouse-M+,fixed_vcg,default,obstacle_detection,101,5.639932965095795e-14,5.584092044649302e-16,5.639932965095795e-14,5.584092044649302e-16
heterogeneous_edge_nodes,Warehouse-M+,fixed_vcg,default,path_replanning,104,8.08242361927114e-14,7.771561172376096e-16,8.08242361927114e-14,7.771561172376096e-16
heterogeneous_edge_nodes,Warehouse-M+,fixed_vcg,default,perception,64,1.3322676295501878e-14,2.0816681711721685e-16,1.3322676295501878e-14,2.0816681711721685e-16
heterogeneous_edge_nodes,Warehouse-M+,fixed_vcg,default,telemetry_diagnostics,98,2.1316282072803006e-14,2.1751308237554087e-16,2.1316282072803006e-14,2.1751308237554087e-16
heterogeneous_edge_nodes,Warehouse-M+,qmix_heuristic,default,inventory_recognition,74,0.0,0.0,0.0,0.0
heterogeneous_edge_nodes,Warehouse-M+,qmix_heuristic,default,localization_slam,138,0.0,0.0,0.0,0.0
heterogeneous_edge_nodes,Warehouse-M+,qmix_heuristic,default,obstacle_detection,109,0.0,0.0,0.0,0.0
heterogeneous_edge_nodes,Warehouse-M+,qmix_heuristic,default,path_replanning,104,0.0,0.0,0.0,0.0
heterogeneous_edge_nodes,Warehouse-M+,qmix_heuristic,default,perception,83,0.0,0.0,0.0,0.0
heterogeneous_edge_nodes,Warehouse-M+,qmix_heuristic,default,telemetry_diagnostics,98,0.0,0.0,0.0,0.0
heterogeneous_edge_nodes,Warehouse-M+,ample_amr,default,inventory_recognition,74,3.730349362740526e-14,5.041012652352062e-16,3.730349362740526e-14,5.041012652352062e-16
heterogeneous_edge_nodes,Warehouse-M+,ample_amr,default,localization_slam,138,9.50350909079134e-14,6.886600790428507e-16,9.50350909079134e-14,6.886600790428507e-16
heterogeneous_edge_nodes,Warehouse-M+,ample_amr,default,obstacle_detection,109,4.884981308350689e-14,4.481634227844668e-16,4.884981308350689e-14,4.481634227844668e-16
heterogeneous_edge_nodes,Warehouse-M+,ample_amr,default,path_replanning,104,6.294964549624638e-14,6.052850528485228e-16,6.294964549624638e-14,6.052850528485228e-16
heterogeneous_edge_nodes,Warehouse-M+,ample_amr,default,perception,83,2.398081733190338e-14,2.889255100229323e-16,2.398081733190338e-14,2.889255100229323e-16
heterogeneous_edge_nodes,Warehouse-M+,ample_amr,default,telemetry_diagnostics,98,5.306866057708248e-14,5.41516944664107e-16,5.306866057708248e-14,5.41516944664107e-16
heterogeneous_edge_nodes,Warehouse-M+,c_ample_amr,default,inventory_recognition,70,1.5987211554602254e-14,2.283887364943179e-16,1.5987211554602254e-14,2.283887364943179e-16
heterogeneous_edge_nodes,Warehouse-M+,c_ample_amr,default,localization_slam,138,9.992007221626409e-14,7.240584943207542e-16,9.992007221626409e-14,7.240584943207542e-16
heterogeneous_edge_nodes,Warehouse-M+,c_ample_amr,default,obstacle_detection,108,3.108624468950438e-14,2.8783559897689243e-16,3.108624468950438e-14,2.8783559897689243e-16
heterogeneous_edge_nodes,Warehouse-M+,c_ample_amr,default,path_replanning,104,4.5075054799781356e-14,4.334139884594361e-16,4.5075054799781356e-14,4.334139884594361e-16
heterogeneous_edge_nodes,Warehouse-M+,c_ample_amr,default,perception,82,1.5987211554602254e-14,1.9496599456832017e-16,1.5987211554602254e-14,1.9496599456832017e-16
heterogeneous_edge_nodes,Warehouse-M+,c_ample_amr,default,telemetry_diagnostics,98,4.463096558993129e-14,4.554180162237887e-16,4.463096558993129e-14,4.554180162237887e-16
heterogeneous_edge_nodes,Warehouse-M+,random_modes_heuristic,default,inventory_recognition,67,0.0,0.0,0.0,0.0
heterogeneous_edge_nodes,Warehouse-M+,random_modes_heuristic,default,localization_slam,137,0.0,0.0,0.0,0.0
heterogeneous_edge_nodes,Warehouse-M+,random_modes_heuristic,default,obstacle_detection,98,0.0,0.0,0.0,0.0
heterogeneous_edge_nodes,Warehouse-M+,random_modes_heuristic,default,path_replanning,104,0.0,0.0,0.0,0.0
heterogeneous_edge_nodes,Warehouse-M+,random_modes_heuristic,default,perception,65,0.0,0.0,0.0,0.0
heterogeneous_edge_nodes,Warehouse-M+,random_modes_heuristic,default,telemetry_diagnostics,98,0.0,0.0,0.0,0.0
network_degradation,Warehouse-M,fixed_heuristic,default,inventory_recognition,47,0.0,0.0,0.0,0.0
network_degradation,Warehouse-M,fixed_heuristic,default,localization_slam,127,0.0,0.0,0.0,0.0
network_degradation,Warehouse-M,fixed_heuristic,default,obstacle_detection,65,0.0,0.0,0.0,0.0
network_degradation,Warehouse-M,fixed_heuristic,default,path_replanning,100,0.0,0.0,0.0,0.0
network_degradation,Warehouse-M,fixed_heuristic,default,perception,41,0.0,0.0,0.0,0.0
network_degradation,Warehouse-M,fixed_heuristic,default,telemetry_diagnostics,99,0.0,0.0,0.0,0.0
network_degradation,Warehouse-M,fixed_vcg,default,inventory_recognition,47,1.1546319456101628e-14,2.4566637140641763e-16,1.1546319456101628e-14,2.4566637140641763e-16
network_degradation,Warehouse-M,fixed_vcg,default,localization_slam,127,6.195044477408373e-14,4.877987777486908e-16,6.195044477408373e-14,4.877987777486908e-16
network_degradation,Warehouse-M,fixed_vcg,default,obstacle_detection,65,7.327471962526033e-15,1.127303378850159e-16,7.327471962526033e-15,1.127303378850159e-16
network_degradation,Warehouse-M,fixed_vcg,default,path_replanning,100,1.9317880628477724e-14,1.9317880628477724e-16,1.9317880628477724e-14,1.9317880628477724e-16
network_degradation,Warehouse-M,fixed_vcg,default,perception,41,3.774758283725532e-15,9.206727521281785e-17,3.774758283725532e-15,9.206727521281785e-17
network_degradation,Warehouse-M,fixed_vcg,default,telemetry_diagnostics,99,1.1546319456101628e-14,1.16629489455572e-16,1.1546319456101628e-14,1.16629489455572e-16
network_degradation,Warehouse-M,qmix_heuristic,default,inventory_recognition,41,0.0,0.0,0.0,0.0
network_degradation,Warehouse-M,qmix_heuristic,default,localization_slam,128,0.0,0.0,0.0,0.0
network_degradation,Warehouse-M,qmix_heuristic,default,obstacle_detection,69,0.0,0.0,0.0,0.0
network_degradation,Warehouse-M,qmix_heuristic,default,path_replanning,99,0.0,0.0,0.0,0.0
network_degradation,Warehouse-M,qmix_heuristic,default,perception,42,0.0,0.0,0.0,0.0
network_degradation,Warehouse-M,qmix_heuristic,default,telemetry_diagnostics,99,0.0,0.0,0.0,0.0
network_degradation,Warehouse-M,ample_amr,default,inventory_recognition,41,1.5987211554602254e-14,3.8993198913664035e-16,1.5987211554602254e-14,3.8993198913664035e-16
network_degradation,Warehouse-M,ample_amr,default,localization_slam,128,4.263256414560601e-14,3.3306690738754696e-16,4.263256414560601e-14,3.3306690738754696e-16
network_degradation,Warehouse-M,ample_amr,default,obstacle_detection,69,1.687538997430238e-14,2.445708691927881e-16,1.687538997430238e-14,2.445708691927881e-16
network_degradation,Warehouse-M,ample_amr,default,path_replanning,99,2.6867397195928788e-14,2.713878504639272e-16,2.6867397195928788e-14,2.713878504639272e-16
network_degradation,Warehouse-M,ample_amr,default,perception,42,8.43769498715119e-15,2.0089749969407595e-16,8.43769498715119e-15,2.0089749969407595e-16
network_degradation,Warehouse-M,ample_amr,default,telemetry_diagnostics,99,1.9539925233402755e-14,1.9737298215558337e-16,1.9539925233402755e-14,1.9737298215558337e-16
network_degradation,Warehouse-M,c_ample_amr,default,inventory_recognition,39,9.325873406851315e-15,2.391249591500337e-16,9.325873406851315e-15,2.391249591500337e-16
network_degradation,Warehouse-M,c_ample_amr,default,localization_slam,127,4.851674617611934e-14,3.8202162343401057e-16,4.851674617611934e-14,3.8202162343401057e-16
network_degradation,Warehouse-M,c_ample_amr,default,obstacle_detection,66,1.3322676295501878e-14,2.0185873175002846e-16,1.3322676295501878e-14,2.0185873175002846e-16
network_degradation,Warehouse-M,c_ample_amr,default,path_replanning,101,3.441691376337985e-14,3.407615224097015e-16,3.441691376337985e-14,3.407615224097015e-16
network_degradation,Warehouse-M,c_ample_amr,default,perception,43,8.215650382226158e-15,1.9106163679595717e-16,8.215650382226158e-15,1.9106163679595717e-16
network_degradation,Warehouse-M,c_ample_amr,default,telemetry_diagnostics,97,1.6431300764452317e-14,1.6939485324177645e-16,1.6431300764452317e-14,1.6939485324177645e-16
network_degradation,Warehouse-M,random_modes_heuristic,default,inventory_recognition,42,0.0,0.0,0.0,0.0
network_degradation,Warehouse-M,random_modes_heuristic,default,localization_slam,124,0.0,0.0,0.0,0.0
network_degradation,Warehouse-M,random_modes_heuristic,default,obstacle_detection,65,0.0,0.0,0.0,0.0
network_degradation,Warehouse-M,random_modes_heuristic,default,path_replanning,99,0.0,0.0,0.0,0.0
network_degradation,Warehouse-M,random_modes_heuristic,default,perception,39,0.0,0.0,0.0,0.0
network_degradation,Warehouse-M,random_modes_heuristic,default,telemetry_diagnostics,99,0.0,0.0,0.0,0.0
edge_node_failures,Warehouse-M,fixed_heuristic,default,inventory_recognition,54,0.0,0.0,0.0,0.0
edge_node_failures,Warehouse-M,fixed_heuristic,default,localization_slam,140,0.0,0.0,0.0,0.0
edge_node_failures,Warehouse-M,fixed_heuristic,default,obstacle_detection,78,0.0,0.0,0.0,0.0
edge_node_failures,Warehouse-M,fixed_heuristic,default,path_replanning,104,0.0,0.0,0.0,0.0
edge_node_failures,Warehouse-M,fixed_heuristic,default,perception,45,0.0,0.0,0.0,0.0
edge_node_failures,Warehouse-M,fixed_heuristic,default,telemetry_diagnostics,100,0.0,0.0,0.0,0.0
edge_node_failures,Warehouse-M,fixed_vcg,default,inventory_recognition,54,1.1546319456101628e-14,2.1382073066854866e-16,1.1546319456101628e-14,2.1382073066854866e-16
edge_node_failures,Warehouse-M,fixed_vcg,default,localization_slam,140,5.062616992290714e-14,3.616154994493367e-16,5.062616992290714e-14,3.616154994493367e-16
edge_node_failures,Warehouse-M,fixed_vcg,default,obstacle_detection,78,9.769962616701378e-15,1.25255930983351e-16,9.769962616701378e-15,1.25255930983351e-16
edge_node_failures,Warehouse-M,fixed_vcg,default,path_replanning,104,4.418687638008123e-14,4.2487381134693493e-16,4.418687638008123e-14,4.2487381134693493e-16
edge_node_failures,Warehouse-M,fixed_vcg,default,perception,45,1.199040866595169e-14,2.6645352591003756e-16,1.199040866595169e-14,2.6645352591003756e-16
edge_node_failures,Warehouse-M,fixed_vcg,default,telemetry_diagnostics,100,2.4202861936828413e-14,2.4202861936828414e-16,2.4202861936828413e-14,2.4202861936828414e-16
edge_node_failures,Warehouse-M,qmix_heuristic,default,inventory_recognition,51,0.0,0.0,0.0,0.0
edge_node_failures,Warehouse-M,qmix_heuristic,default,localization_slam,140,0.0,0.0,0.0,0.0
edge_node_failures,Warehouse-M,qmix_heuristic,default,obstacle_detection,81,0.0,0.0,0.0,0.0
edge_node_failures,Warehouse-M,qmix_heuristic,default,path_replanning,104,0.0,0.0,0.0,0.0
edge_node_failures,Warehouse-M,qmix_heuristic,default,perception,48,0.0,0.0,0.0,0.0
edge_node_failures,Warehouse-M,qmix_heuristic,default,telemetry_diagnostics,100,0.0,0.0,0.0,0.0
edge_node_failures,Warehouse-M,ample_amr,default,inventory_recognition,51,9.325873406851315e-15,1.8286026287943754e-16,9.325873406851315e-15,1.8286026287943754e-16
edge_node_failures,Warehouse-M,ample_amr,default,localization_slam,140,7.238654120556021e-14,5.170467228968587e-16,7.238654120556021e-14,5.170467228968587e-16
edge_node_failures,Warehouse-M,ample_amr,default,obstacle_detection,81,2.042810365310288e-14,2.521988105321343e-16,2.042810365310288e-14,2.521988105321343e-16
edge_node_failures,Warehouse-M,ample_amr,default,path_replanning,104,5.839773109528323e-14,5.6151664514695415e-16,5.839773109528323e-14,5.6151664514695415e-16
edge_node_failures,Warehouse-M,ample_amr,default,perception,48,1.7763568394002505e-14,3.7007434154171886e-16,1.7763568394002505e-14,3.7007434154171886e-16
edge_node_failures,Warehouse-M,ample_amr,default,telemetry_diagnostics,100,3.6415315207705135e-14,3.641531520770513e-16,3.6415315207705135e-14,3.641531520770513e-16
edge_node_failures,Warehouse-M,c_ample_amr,default,inventory_recognition,51,7.993605777301127e-15,1.5673736818237505e-16,7.993605777301127e-15,1.5673736818237505e-16
edge_node_failures,Warehouse-M,c_ample_amr,default,localization_slam,138,6.861178292183467e-14,4.97186832766918e-16,6.861178292183467e-14,4.97186832766918e-16
edge_node_failures,Warehouse-M,c_ample_amr,default,obstacle_detection,86,1.0880185641326534e-14,1.2651378652705272e-16,1.0880185641326534e-14,1.2651378652705272e-16
edge_node_failures,Warehouse-M,c_ample_amr,default,path_replanning,104,3.0753177782116836e-14,2.957036325203542e-16,3.0753177782116836e-14,2.957036325203542e-16
edge_node_failures,Warehouse-M,c_ample_amr,default,perception,45,6.217248937900877e-15,1.3816108750890837e-16,6.217248937900877e-15,1.3816108750890837e-16
edge_node_failures,Warehouse-M,c_ample_amr,default,telemetry_diagnostics,100,3.241851231905457e-14,3.241851231905457e-16,3.241851231905457e-14,3.241851231905457e-16
edge_node_failures,Warehouse-M,random_modes_heuristic,default,inventory_recognition,54,0.0,0.0,0.0,0.0
edge_node_failures,Warehouse-M,random_modes_heuristic,default,localization_slam,140,0.0,0.0,0.0,0.0
edge_node_failures,Warehouse-M,random_modes_heuristic,default,obstacle_detection,87,0.0,0.0,0.0,0.0
edge_node_failures,Warehouse-M,random_modes_heuristic,default,path_replanning,104,0.0,0.0,0.0,0.0
edge_node_failures,Warehouse-M,random_modes_heuristic,default,perception,44,0.0,0.0,0.0,0.0
edge_node_failures,Warehouse-M,random_modes_heuristic,default,telemetry_diagnostics,100,0.0,0.0,0.0,0.0
scalability_sweep,Warehouse-L,fixed_heuristic,default,inventory_recognition,80,0.0,0.0,0.0,0.0
scalability_sweep,Warehouse-L,fixed_heuristic,default,localization_slam,128,0.0,0.0,0.0,0.0
scalability_sweep,Warehouse-L,fixed_heuristic,default,obstacle_detection,111,0.0,0.0,0.0,0.0
scalability_sweep,Warehouse-L,fixed_heuristic,default,path_replanning,131,0.0,0.0,0.0,0.0
scalability_sweep,Warehouse-L,fixed_heuristic,default,perception,86,0.0,0.0,0.0,0.0
scalability_sweep,Warehouse-L,fixed_heuristic,default,telemetry_diagnostics,129,0.0,0.0,0.0,0.0
scalability_sweep,Warehouse-L,fixed_vcg,default,inventory_recognition,80,3.730349362740526e-14,4.662936703425658e-16,3.730349362740526e-14,4.662936703425658e-16
scalability_sweep,Warehouse-L,fixed_vcg,default,localization_slam,128,1.0658141036401503e-13,8.326672684688674e-16,1.0658141036401503e-13,8.326672684688674e-16
scalability_sweep,Warehouse-L,fixed_vcg,default,obstacle_detection,111,3.552713678800501e-14,3.200642953874325e-16,3.552713678800501e-14,3.200642953874325e-16
scalability_sweep,Warehouse-L,fixed_vcg,default,path_replanning,131,1.5143442055887135e-13,1.1559879431974911e-15,1.5143442055887135e-13,1.1559879431974911e-15
scalability_sweep,Warehouse-L,fixed_vcg,default,perception,86,2.353672812205332e-14,2.7368288514015486e-16,2.353672812205332e-14,2.7368288514015486e-16
scalability_sweep,Warehouse-L,fixed_vcg,default,telemetry_diagnostics,129,7.860379014346108e-14,6.09331706538458e-16,7.860379014346108e-14,6.09331706538458e-16
scalability_sweep,Warehouse-L,qmix_heuristic,default,inventory_recognition,77,0.0,0.0,0.0,0.0
scalability_sweep,Warehouse-L,qmix_heuristic,default,localization_slam,128,0.0,0.0,0.0,0.0
scalability_sweep,Warehouse-L,qmix_heuristic,default,obstacle_detection,117,0.0,0.0,0.0,0.0
scalability_sweep,Warehouse-L,qmix_heuristic,default,path_replanning,131,0.0,0.0,0.0,0.0
scalability_sweep,Warehouse-L,qmix_heuristic,default,perception,85,0.0,0.0,0.0,0.0
scalability_sweep,Warehouse-L,qmix_heuristic,default,telemetry_diagnostics,129,0.0,0.0,0.0,0.0
scalability_sweep,Warehouse-L,ample_amr,default,inventory_recognition,76,3.108624468950438e-14,4.0902953538821556e-16,3.108624468950438e-14,4.0902953538821556e-16
scalability_sweep,Warehouse-L,ample_amr,default,localization_slam,128,0.35344002814219877,0.002761250219860928,0.35344002814219877,0.002761250219860928
scalability_sweep,Warehouse-L,ample_amr,default,obstacle_detection,118,6.128431095930864e-14,5.193585674517681e-16,6.128431095930864e-14,5.193585674517681e-16
scalability_sweep,Warehouse-L,ample_amr,default,path_replanning,131,1.3233858453531866e-13,1.0102182025596844e-15,1.3233858453531866e-13,1.0102182025596844e-15
scalability_sweep,Warehouse-L,ample_amr,default,perception,86,1.9095836023552692e-14,2.220446049250313e-16,1.9095836023552692e-14,2.220446049250313e-16
scalability_sweep,Warehouse-L,ample_amr,default,telemetry_diagnostics,129,6.328271240363392e-14,4.905636620436738e-16,6.328271240363392e-14,4.905636620436738e-16
scalability_sweep,Warehouse-L,c_ample_amr,default,inventory_recognition,77,4.618527782440651e-14,5.998088029143703e-16,4.618527782440651e-14,5.998088029143703e-16
scalability_sweep,Warehouse-L,c_ample_amr,default,localization_slam,128,1.800460406034591,0.014066096922145242,1.800460406034591,0.014066096922145242
scalability_sweep,Warehouse-L,c_ample_amr,default,obstacle_detection,109,4.884981308350689e-14,4.481634227844668e-16,4.884981308350689e-14,4.481634227844668e-16
scalability_sweep,Warehouse-L,c_ample_amr,default,path_replanning,131,1.0480505352461478e-13,8.000385765237769e-16,1.0480505352461478e-13,8.000385765237769e-16
scalability_sweep,Warehouse-L,c_ample_amr,default,perception,91,3.6415315207705135e-14,4.001682989857707e-16,3.6415315207705135e-14,4.001682989857707e-16
scalability_sweep,Warehouse-L,c_ample_amr,default,telemetry_diagnostics,129,6.261657858885883e-14,4.853998340221614e-16,6.261657858885883e-14,4.853998340221614e-16
scalability_sweep,Warehouse-L,random_modes_heuristic,default,inventory_recognition,77,0.0,0.0,0.0,0.0
scalability_sweep,Warehouse-L,random_modes_heuristic,default,localization_slam,126,0.0,0.0,0.0,0.0
scalability_sweep,Warehouse-L,random_modes_heuristic,default,obstacle_detection,119,0.0,0.0,0.0,0.0
scalability_sweep,Warehouse-L,random_modes_heuristic,default,path_replanning,131,0.0,0.0,0.0,0.0
scalability_sweep,Warehouse-L,random_modes_heuristic,default,perception,82,0.0,0.0,0.0,0.0
scalability_sweep,Warehouse-L,random_modes_heuristic,default,telemetry_diagnostics,129,0.0,0.0,0.0,0.0
scalability_sweep,Warehouse-M,fixed_heuristic,default,inventory_recognition,29,0.0,0.0,0.0,0.0
scalability_sweep,Warehouse-M,fixed_heuristic,default,localization_slam,73,0.0,0.0,0.0,0.0
scalability_sweep,Warehouse-M,fixed_heuristic,default,obstacle_detection,51,0.0,0.0,0.0,0.0
scalability_sweep,Warehouse-M,fixed_heuristic,default,path_replanning,67,0.0,0.0,0.0,0.0
scalability_sweep,Warehouse-M,fixed_heuristic,default,perception,30,0.0,0.0,0.0,0.0
scalability_sweep,Warehouse-M,fixed_heuristic,default,telemetry_diagnostics,53,0.0,0.0,0.0,0.0
scalability_sweep,Warehouse-M,fixed_vcg,default,inventory_recognition,29,0.0,0.0,0.0,0.0
scalability_sweep,Warehouse-M,fixed_vcg,default,localization_slam,73,5.1958437552457326e-14,7.117594185268127e-16,5.1958437552457326e-14,7.117594185268127e-16
scalability_sweep,Warehouse-M,fixed_vcg,default,obstacle_detection,51,1.4210854715202004e-14,2.7864421010200007e-16,1.4210854715202004e-14,2.7864421010200007e-16
scalability_sweep,Warehouse-M,fixed_vcg,default,path_replanning,67,3.108624468950438e-14,4.639738013358863e-16,3.108624468950438e-14,4.639738013358863e-16
scalability_sweep,Warehouse-M,fixed_vcg,default,perception,30,1.7763568394002505e-15,5.921189464667501e-17,1.7763568394002505e-15,5.921189464667501e-17
scalability_sweep,Warehouse-M,fixed_vcg,default,telemetry_diagnostics,53,9.769962616701378e-15,1.8433891729625242e-16,9.769962616701378e-15,1.8433891729625242e-16
scalability_sweep,Warehouse-M,qmix_heuristic,default,inventory_recognition,22,0.0,0.0,0.0,0.0
scalability_sweep,Warehouse-M,qmix_heuristic,default,localization_slam,73,0.0,0.0,0.0,0.0
scalability_sweep,Warehouse-M,qmix_heuristic,default,obstacle_detection,55,0.0,0.0,0.0,0.0
scalability_sweep,Warehouse-M,qmix_heuristic,default,path_replanning,67,0.0,0.0,0.0,0.0
scalability_sweep,Warehouse-M,qmix_heuristic,default,perception,27,0.0,0.0,0.0,0.0
scalability_sweep,Warehouse-M,qmix_heuristic,default,telemetry_diagnostics,53,0.0,0.0,0.0,0.0
scalability_sweep,Warehouse-M,ample_amr,default,inventory_recognition,22,5.329070518200751e-15,2.4223047810003414e-16,5.329070518200751e-15,2.4223047810003414e-16
scalability_sweep,Warehouse-M,ample_amr,default,localization_slam,73,2.5757174171303632e-14,3.5283800234662507e-16,2.5757174171303632e-14,3.5283800234662507e-16
scalability_sweep,Warehouse-M,ample_amr,default,obstacle_detection,55,1.5987211554602254e-14,2.90676573720041e-16,1.5987211554602254e-14,2.90676573720041e-16
scalability_sweep,Warehouse-M,ample_amr,default,path_replanning,67,3.197442310920451e-14,4.772301956597688e-16,3.197442310920451e-14,4.772301956597688e-16
scalability_sweep,Warehouse-M,ample_amr,default,perception,27,1.887379141862766e-15,6.990293118010245e-17,1.887379141862766e-15,6.990293118010245e-17
scalability_sweep,Warehouse-M,ample_amr,default,telemetry_diagnostics,53,2.1316282072803006e-14,4.021940013736416e-16,2.1316282072803006e-14,4.021940013736416e-16
scalability_sweep,Warehouse-M,c_ample_amr,default,inventory_recognition,21,7.105427357601002e-15,3.383536836952858e-16,7.105427357601002e-15,3.383536836952858e-16
scalability_sweep,Warehouse-M,c_ample_amr,default,localization_slam,73,2.531308496145357e-14,3.467545885130626e-16,2.531308496145357e-14,3.467545885130626e-16
scalability_sweep,Warehouse-M,c_ample_amr,default,obstacle_detection,52,1.7763568394002505e-14,3.416070845000482e-16,1.7763568394002505e-14,3.416070845000482e-16
scalability_sweep,Warehouse-M,c_ample_amr,default,path_replanning,67,3.241851231905457e-14,4.8385839282171e-16,3.241851231905457e-14,4.8385839282171e-16
scalability_sweep,Warehouse-M,c_ample_amr,default,perception,28,7.105427357601002e-15,2.5376526277146434e-16,7.105427357601002e-15,2.5376526277146434e-16
scalability_sweep,Warehouse-M,c_ample_amr,default,telemetry_diagnostics,53,1.3766765505351941e-14,2.597502925538102e-16,1.3766765505351941e-14,2.597502925538102e-16
scalability_sweep,Warehouse-M,random_modes_heuristic,default,inventory_recognition,25,0.0,0.0,0.0,0.0
scalability_sweep,Warehouse-M,random_modes_heuristic,default,localization_slam,72,0.0,0.0,0.0,0.0
scalability_sweep,Warehouse-M,random_modes_heuristic,default,obstacle_detection,54,0.0,0.0,0.0,0.0
scalability_sweep,Warehouse-M,random_modes_heuristic,default,path_replanning,67,0.0,0.0,0.0,0.0
scalability_sweep,Warehouse-M,random_modes_heuristic,default,perception,26,0.0,0.0,0.0,0.0
scalability_sweep,Warehouse-M,random_modes_heuristic,default,telemetry_diagnostics,53,0.0,0.0,0.0,0.0
scalability_sweep,Warehouse-M+,fixed_heuristic,default,inventory_recognition,45,0.0,0.0,0.0,0.0
scalability_sweep,Warehouse-M+,fixed_heuristic,default,localization_slam,72,0.0,0.0,0.0,0.0
scalability_sweep,Warehouse-M+,fixed_heuristic,default,obstacle_detection,60,0.0,0.0,0.0,0.0
scalability_sweep,Warehouse-M+,fixed_heuristic,default,path_replanning,66,0.0,0.0,0.0,0.0
scalability_sweep,Warehouse-M+,fixed_heuristic,default,perception,42,0.0,0.0,0.0,0.0
scalability_sweep,Warehouse-M+,fixed_heuristic,default,telemetry_diagnostics,54,0.0,0.0,0.0,0.0
scalability_sweep,Warehouse-M+,fixed_vcg,default,inventory_recognition,45,4.218847493575595e-15,9.375216652390211e-17,4.218847493575595e-15,9.375216652390211e-17
scalability_sweep,Warehouse-M+,fixed_vcg,default,localization_slam,72,4.618527782440651e-14,6.41462192005646e-16,4.618527782440651e-14,6.41462192005646e-16
scalability_sweep,Warehouse-M+,fixed_vcg,default,obstacle_detection,60,1.9539925233402755e-14,3.2566542055671256e-16,1.9539925233402755e-14,3.2566542055671256e-16
scalability_sweep,Warehouse-M+,fixed_vcg,default,path_replanning,66,4.440892098500626e-14,6.728624391667615e-16,4.440892098500626e-14,6.728624391667615e-16
scalability_sweep,Warehouse-M+,fixed_vcg,default,perception,42,5.551115123125783e-15,1.3216940769347102e-16,5.551115123125783e-15,1.3216940769347102e-16
scalability_sweep,Warehouse-M+,fixed_vcg,default,telemetry_diagnostics,54,2.1094237467877974e-14,3.9063402718292546e-16,2.1094237467877974e-14,3.9063402718292546e-16
scalability_sweep,Warehouse-M+,qmix_heuristic,default,inventory_recognition,45,0.0,0.0,0.0,0.0
scalability_sweep,Warehouse-M+,qmix_heuristic,default,localization_slam,72,0.0,0.0,0.0,0.0
scalability_sweep,Warehouse-M+,qmix_heuristic,default,obstacle_detection,68,0.0,0.0,0.0,0.0
scalability_sweep,Warehouse-M+,qmix_heuristic,default,path_replanning,66,0.0,0.0,0.0,0.0
scalability_sweep,Warehouse-M+,qmix_heuristic,default,perception,53,0.0,0.0,0.0,0.0
scalability_sweep,Warehouse-M+,qmix_heuristic,default,telemetry_diagnostics,54,0.0,0.0,0.0,0.0
scalability_sweep,Warehouse-M+,ample_amr,default,inventory_recognition,45,1.021405182655144e-14,2.2697892947892088e-16,1.021405182655144e-14,2.2697892947892088e-16
scalability_sweep,Warehouse-M+,ample_amr,default,localization_slam,72,3.108624468950438e-14,4.3175339846533865e-16,3.108624468950438e-14,4.3175339846533865e-16
scalability_sweep,Warehouse-M+,ample_amr,default,obstacle_detection,68,2.531308496145357e-14,3.7225124943314073e-16,2.531308496145357e-14,3.7225124943314073e-16
scalability_sweep,Warehouse-M+,ample_amr,default,path_replanning,66,4.8627768478581856e-14,7.367843708876039e-16,4.8627768478581856e-14,7.367843708876039e-16
scalability_sweep,Warehouse-M+,ample_amr,default,perception,53,1.2434497875801753e-14,2.346131674679576e-16,1.2434497875801753e-14,2.346131674679576e-16
scalability_sweep,Warehouse-M+,ample_amr,default,telemetry_diagnostics,54,1.176836406102666e-14,2.1793266779679e-16,1.176836406102666e-14,2.1793266779679e-16
scalability_sweep,Warehouse-M+,c_ample_amr,default,inventory_recognition,43,1.1102230246251565e-14,2.581914010756178e-16,1.1102230246251565e-14,2.581914010756178e-16
scalability_sweep,Warehouse-M+,c_ample_amr,default,localization_slam,72,4.39648317751562e-14,6.106226635438361e-16,4.39648317751562e-14,6.106226635438361e-16
scalability_sweep,Warehouse-M+,c_ample_amr,default,obstacle_detection,71,2.1316282072803006e-14,3.002293249690564e-16,2.1316282072803006e-14,3.002293249690564e-16
scalability_sweep,Warehouse-M+,c_ample_amr,default,path_replanning,66,3.9968028886505635e-14,6.055761952500853e-16,3.9968028886505635e-14,6.055761952500853e-16
scalability_sweep,Warehouse-M+,c_ample_amr,default,perception,52,1.1546319456101628e-14,2.220446049250313e-16,1.1546319456101628e-14,2.220446049250313e-16
scalability_sweep,Warehouse-M+,c_ample_amr,default,telemetry_diagnostics,54,2.220446049250313e-14,4.1119371282413205e-16,2.220446049250313e-14,4.1119371282413205e-16
scalability_sweep,Warehouse-M+,random_modes_heuristic,default,inventory_recognition,37,0.0,0.0,0.0,0.0
scalability_sweep,Warehouse-M+,random_modes_heuristic,default,localization_slam,72,0.0,0.0,0.0,0.0
scalability_sweep,Warehouse-M+,random_modes_heuristic,default,obstacle_detection,64,0.0,0.0,0.0,0.0
scalability_sweep,Warehouse-M+,random_modes_heuristic,default,path_replanning,66,0.0,0.0,0.0,0.0
scalability_sweep,Warehouse-M+,random_modes_heuristic,default,perception,40,0.0,0.0,0.0,0.0
scalability_sweep,Warehouse-M+,random_modes_heuristic,default,telemetry_diagnostics,54,0.0,0.0,0.0,0.0
scalability_sweep,Warehouse-S,fixed_heuristic,default,inventory_recognition,30,0.0,0.0,0.0,0.0
scalability_sweep,Warehouse-S,fixed_heuristic,default,localization_slam,48,0.0,0.0,0.0,0.0
scalability_sweep,Warehouse-S,fixed_heuristic,default,obstacle_detection,37,0.0,0.0,0.0,0.0
scalability_sweep,Warehouse-S,fixed_heuristic,default,path_replanning,35,0.0,0.0,0.0,0.0
scalability_sweep,Warehouse-S,fixed_heuristic,default,perception,18,0.0,0.0,0.0,0.0
scalability_sweep,Warehouse-S,fixed_heuristic,default,telemetry_diagnostics,31,0.0,0.0,0.0,0.0
scalability_sweep,Warehouse-S,fixed_vcg,default,inventory_recognition,30,7.993605777301127e-15,2.6645352591003756e-16,7.993605777301127e-15,2.6645352591003756e-16
scalability_sweep,Warehouse-S,fixed_vcg,default,localization_slam,48,1.5987211554602254e-14,3.3306690738754696e-16,1.5987211554602254e-14,3.3306690738754696e-16
scalability_sweep,Warehouse-S,fixed_vcg,default,obstacle_detection,37,1.5987211554602254e-14,4.320867987730339e-16,1.5987211554602254e-14,4.320867987730339e-16
scalability_sweep,Warehouse-S,fixed_vcg,default,path_replanning,35,1.865174681370263e-14,5.329070518200751e-16,1.865174681370263e-14,5.329070518200751e-16
scalability_sweep,Warehouse-S,fixed_vcg,default,perception,18,3.552713678800501e-15,1.9737298215558337e-16,3.552713678800501e-15,1.9737298215558337e-16
scalability_sweep,Warehouse-S,fixed_vcg,default,telemetry_diagnostics,31,7.105427357601002e-15,2.2920733411616134e-16,7.105427357601002e-15,2.2920733411616134e-16
scalability_sweep,Warehouse-S,qmix_heuristic,default,inventory_recognition,30,0.0,0.0,0.0,0.0
scalability_sweep,Warehouse-S,qmix_heuristic,default,localization_slam,49,0.0,0.0,0.0,0.0
scalability_sweep,Warehouse-S,qmix_heuristic,default,obstacle_detection,39,0.0,0.0,0.0,0.0
scalability_sweep,Warehouse-S,qmix_heuristic,default,path_replanning,35,0.0,0.0,0.0,0.0
scalability_sweep,Warehouse-S,qmix_heuristic,default,perception,20,0.0,0.0,0.0,0.0
scalability_sweep,Warehouse-S,qmix_heuristic,default,telemetry_diagnostics,31,0.0,0.0,0.0,0.0
scalability_sweep,Warehouse-S,ample_amr,default,inventory_recognition,30,6.217248937900877e-15,2.0724163126336256e-16,6.217248937900877e-15,2.0724163126336256e-16
scalability_sweep,Warehouse-S,ample_amr,default,localization_slam,49,4.440892098500626e-15,9.06304509898087e-17,4.440892098500626e-15,9.06304509898087e-17
scalability_sweep,Warehouse-S,ample_amr,default,obstacle_detection,39,1.1879386363489175e-14,3.045996503458763e-16,1.1879386363489175e-14,3.045996503458763e-16
scalability_sweep,Warehouse-S,ample_amr,default,path_replanning,35,1.7763568394002505e-15,5.075305255429287e-17,1.7763568394002505e-15,5.075305255429287e-17
scalability_sweep,Warehouse-S,ample_amr,default,perception,20,8.881784197001252e-15,4.440892098500626e-16,8.881784197001252e-15,4.440892098500626e-16
scalability_sweep,Warehouse-S,ample_amr,default,telemetry_diagnostics,31,1.7763568394002505e-15,5.730183352904034e-17,1.7763568394002505e-15,5.730183352904034e-17
scalability_sweep,Warehouse-S,c_ample_amr,default,inventory_recognition,30,1.687538997430238e-14,5.625129991434126e-16,1.687538997430238e-14,5.625129991434126e-16
scalability_sweep,Warehouse-S,c_ample_amr,default,localization_slam,49,1.2117183370390219,0.02472894565385759,1.2117183370390219,0.02472894565385759
scalability_sweep,Warehouse-S,c_ample_amr,default,obstacle_detection,35,8.881784197001252e-16,2.5376526277146434e-17,8.881784197001252e-16,2.5376526277146434e-17
scalability_sweep,Warehouse-S,c_ample_amr,default,path_replanning,35,8.881784197001252e-15,2.5376526277146434e-16,8.881784197001252e-15,2.5376526277146434e-16
scalability_sweep,Warehouse-S,c_ample_amr,default,perception,19,4.440892098500626e-15,2.337311630789803e-16,4.440892098500626e-15,2.337311630789803e-16
scalability_sweep,Warehouse-S,c_ample_amr,default,telemetry_diagnostics,31,6.661338147750939e-15,2.1488187573390127e-16,6.661338147750939e-15,2.1488187573390127e-16
scalability_sweep,Warehouse-S,random_modes_heuristic,default,inventory_recognition,29,0.0,0.0,0.0,0.0
scalability_sweep,Warehouse-S,random_modes_heuristic,default,localization_slam,49,0.0,0.0,0.0,0.0
scalability_sweep,Warehouse-S,random_modes_heuristic,default,obstacle_detection,36,0.0,0.0,0.0,0.0
scalability_sweep,Warehouse-S,random_modes_heuristic,default,path_replanning,35,0.0,0.0,0.0,0.0
scalability_sweep,Warehouse-S,random_modes_heuristic,default,perception,18,0.0,0.0,0.0,0.0
scalability_sweep,Warehouse-S,random_modes_heuristic,default,telemetry_diagnostics,31,0.0,0.0,0.0,0.0
scalability_sweep,Warehouse-XL,fixed_heuristic,default,inventory_recognition,207,0.0,0.0,0.0,0.0
scalability_sweep,Warehouse-XL,fixed_heuristic,default,localization_slam,288,0.0,0.0,0.0,0.0
scalability_sweep,Warehouse-XL,fixed_heuristic,default,obstacle_detection,240,0.0,0.0,0.0,0.0
scalability_sweep,Warehouse-XL,fixed_heuristic,default,path_replanning,293,0.0,0.0,0.0,0.0
scalability_sweep,Warehouse-XL,fixed_heuristic,default,perception,166,0.0,0.0,0.0,0.0
scalability_sweep,Warehouse-XL,fixed_heuristic,default,telemetry_diagnostics,275,0.0,0.0,0.0,0.0
scalability_sweep,Warehouse-XL,fixed_vcg,default,inventory_recognition,207,1.652011860642233e-13,7.98073362629098e-16,1.652011860642233e-13,7.98073362629098e-16
scalability_sweep,Warehouse-XL,fixed_vcg,default,localization_slam,288,6.372680161348399e-13,2.2127361671348608e-15,6.372680161348399e-13,2.2127361671348608e-15
scalability_sweep,Warehouse-XL,fixed_vcg,default,obstacle_detection,240,2.1938006966593093e-13,9.140836236080455e-16,2.1938006966593093e-13,9.140836236080455e-16
scalability_sweep,Warehouse-XL,fixed_vcg,default,path_replanning,293,8.313350008393172e-13,2.837320821977192e-15,8.313350008393172e-13,2.837320821977192e-15
scalability_sweep,Warehouse-XL,fixed_vcg,default,perception,166,1.3500311979441904e-13,8.132718059904761e-16,1.3500311979441904e-13,8.132718059904761e-16
scalability_sweep,Warehouse-XL,fixed_vcg,default,telemetry_diagnostics,275,0.18214560054143591,0.0006623476383324943,0.18214560054143591,0.0006623476383324943
scalability_sweep,Warehouse-XL,qmix_heuristic,default,inventory_recognition,200,0.0,0.0,0.0,0.0
scalability_sweep,Warehouse-XL,qmix_heuristic,default,localization_slam,288,0.0,0.0,0.0,0.0
scalability_sweep,Warehouse-XL,qmix_heuristic,default,obstacle_detection,250,0.0,0.0,0.0,0.0
scalability_sweep,Warehouse-XL,qmix_heuristic,default,path_replanning,293,0.0,0.0,0.0,0.0
scalability_sweep,Warehouse-XL,qmix_heuristic,default,perception,168,0.0,0.0,0.0,0.0
scalability_sweep,Warehouse-XL,qmix_heuristic,default,telemetry_diagnostics,275,0.0,0.0,0.0,0.0
scalability_sweep,Warehouse-XL,ample_amr,default,inventory_recognition,200,2.1316282072803006e-13,1.0658141036401502e-15,2.1316282072803006e-13,1.0658141036401502e-15
scalability_sweep,Warehouse-XL,ample_amr,default,localization_slam,288,6.377121053446899e-13,2.214278143557951e-15,6.377121053446899e-13,2.214278143557951e-15
scalability_sweep,Warehouse-XL,ample_amr,default,obstacle_detection,250,2.611244553918368e-13,1.0444978215673472e-15,2.611244553918368e-13,1.0444978215673472e-15
scalability_sweep,Warehouse-XL,ample_amr,default,path_replanning,293,7.673861546209082e-13,2.6190653741327924e-15,7.673861546209082e-13,2.6190653741327924e-15
scalability_sweep,Warehouse-XL,ample_amr,default,perception,168,1.6342482922482304e-13,9.727668406239468e-16,1.6342482922482304e-13,9.727668406239468e-16
scalability_sweep,Warehouse-XL,ample_amr,default,telemetry_diagnostics,275,3.739231146937527e-13,1.3597204170681918e-15,3.739231146937527e-13,1.3597204170681918e-15
scalability_sweep,Warehouse-XL,c_ample_amr,default,inventory_recognition,196,1.2523315717771766e-13,6.389446794781513e-16,1.2523315717771766e-13,6.389446794781513e-16
scalability_sweep,Warehouse-XL,c_ample_amr,default,localization_slam,288,2.8133051444001467e-13,9.768420640278287e-16,2.8133051444001467e-13,9.768420640278287e-16
scalability_sweep,Warehouse-XL,c_ample_amr,default,obstacle_detection,257,0.046577424342037155,0.0001812351141713508,0.046577424342037155,0.0001812351141713508
scalability_sweep,Warehouse-XL,c_ample_amr,default,path_replanning,293,3.3173463975799677e-13,1.1322001356928217e-15,3.3173463975799677e-13,1.1322001356928217e-15
scalability_sweep,Warehouse-XL,c_ample_amr,default,perception,168,7.194245199571014e-14,4.282288809268461e-16,7.194245199571014e-14,4.282288809268461e-16
scalability_sweep,Warehouse-XL,c_ample_amr,default,telemetry_diagnostics,275,1.5987211554602254e-13,5.81353147440082e-16,1.5987211554602254e-13,5.81353147440082e-16
scalability_sweep,Warehouse-XL,random_modes_heuristic,default,inventory_recognition,198,0.0,0.0,0.0,0.0
scalability_sweep,Warehouse-XL,random_modes_heuristic,default,localization_slam,288,0.0,0.0,0.0,0.0
scalability_sweep,Warehouse-XL,random_modes_heuristic,default,obstacle_detection,239,0.0,0.0,0.0,0.0
scalability_sweep,Warehouse-XL,random_modes_heuristic,default,path_replanning,293,0.0,0.0,0.0,0.0
scalability_sweep,Warehouse-XL,random_modes_heuristic,default,perception,164,0.0,0.0,0.0,0.0
scalability_sweep,Warehouse-XL,random_modes_heuristic,default,telemetry_diagnostics,275,0.0,0.0,0.0,0.0
clustered_vs_global,Warehouse-L,fixed_heuristic,default,inventory_recognition,107,0.0,0.0,0.0,0.0
clustered_vs_global,Warehouse-L,fixed_heuristic,default,localization_slam,185,0.0,0.0,0.0,0.0
clustered_vs_global,Warehouse-L,fixed_heuristic,default,obstacle_detection,147,0.0,0.0,0.0,0.0
clustered_vs_global,Warehouse-L,fixed_heuristic,default,path_replanning,164,0.0,0.0,0.0,0.0
clustered_vs_global,Warehouse-L,fixed_heuristic,default,perception,123,0.0,0.0,0.0,0.0
clustered_vs_global,Warehouse-L,fixed_heuristic,default,telemetry_diagnostics,168,0.0,0.0,0.0,0.0
clustered_vs_global,Warehouse-L,fixed_vcg,default,inventory_recognition,107,8.926193117986259e-14,8.342236558865663e-16,8.926193117986259e-14,8.342236558865663e-16
clustered_vs_global,Warehouse-L,fixed_vcg,default,localization_slam,185,1.7830181775480014e-13,9.63793609485406e-16,1.7830181775480014e-13,9.63793609485406e-16
clustered_vs_global,Warehouse-L,fixed_vcg,default,obstacle_detection,147,9.14823772291129e-14,6.223290967966864e-16,9.14823772291129e-14,6.223290967966864e-16
clustered_vs_global,Warehouse-L,fixed_vcg,default,path_replanning,164,2.418065747633591e-13,1.4744303339229214e-15,2.418065747633591e-13,1.4744303339229214e-15
clustered_vs_global,Warehouse-L,fixed_vcg,default,perception,123,6.88338275267597e-14,5.596246140386968e-16,6.88338275267597e-14,5.596246140386968e-16
clustered_vs_global,Warehouse-L,fixed_vcg,default,telemetry_diagnostics,168,9.481304630298837e-14,5.643633708511212e-16,9.481304630298837e-14,5.643633708511212e-16
clustered_vs_global,Warehouse-L,qmix_heuristic,default,inventory_recognition,106,0.0,0.0,0.0,0.0
clustered_vs_global,Warehouse-L,qmix_heuristic,default,localization_slam,185,0.0,0.0,0.0,0.0
clustered_vs_global,Warehouse-L,qmix_heuristic,default,obstacle_detection,156,0.0,0.0,0.0,0.0
clustered_vs_global,Warehouse-L,qmix_heuristic,default,path_replanning,164,0.0,0.0,0.0,0.0
clustered_vs_global,Warehouse-L,qmix_heuristic,default,perception,115,0.0,0.0,0.0,0.0
clustered_vs_global,Warehouse-L,qmix_heuristic,default,telemetry_diagnostics,168,0.0,0.0,0.0,0.0
clustered_vs_global,Warehouse-L,ample_amr,default,inventory_recognition,106,3.730349362740526e-14,3.5191975120193643e-16,3.730349362740526e-14,3.5191975120193643e-16
clustered_vs_global,Warehouse-L,ample_amr,default,localization_slam,185,1.2967404927621828e-13,7.009408068984772e-16,1.2967404927621828e-13,7.009408068984772e-16
clustered_vs_global,Warehouse-L,ample_amr,default,obstacle_detection,156,8.171241461241152e-14,5.237975295667405e-16,8.171241461241152e-14,5.237975295667405e-16
clustered_vs_global,Warehouse-L,ample_amr,default,path_replanning,164,1.4077627952246985e-13,8.58391948307743e-16,1.4077627952246985e-13,8.58391948307743e-16
clustered_vs_global,Warehouse-L,ample_amr,default,perception,115,4.263256414560601e-14,3.7071794909222616e-16,4.263256414560601e-14,3.7071794909222616e-16
clustered_vs_global,Warehouse-L,ample_amr,default,telemetry_diagnostics,168,7.105427357601002e-14,4.2294210461910723e-16,7.105427357601002e-14,4.2294210461910723e-16
clustered_vs_global,Warehouse-L,c_ample_amr,default,inventory_recognition,102,4.884981308350689e-14,4.789197361128126e-16,4.884981308350689e-14,4.789197361128126e-16
clustered_vs_global,Warehouse-L,c_ample_amr,default,localization_slam,185,1.4521717162097048e-13,7.849576844376782e-16,1.4521717162097048e-13,7.849576844376782e-16
clustered_vs_global,Warehouse-L,c_ample_amr,default,obstacle_detection,143,4.773959005888173e-14,3.338432871250471e-16,4.773959005888173e-14,3.338432871250471e-16
clustered_vs_global,Warehouse-L,c_ample_amr,default,path_replanning,164,1.3944401189291966e-13,8.502683652007296e-16,1.3944401189291966e-13,8.502683652007296e-16
clustered_vs_global,Warehouse-L,c_ample_amr,default,perception,119,9.592326932761353e-14,8.0607789350935735e-16,9.592326932761353e-14,8.0607789350935735e-16
clustered_vs_global,Warehouse-L,c_ample_amr,default,telemetry_diagnostics,168,1.1290968160437842e-13,6.720814381213001e-16,1.1290968160437842e-13,6.720814381213001e-16
clustered_vs_global,Warehouse-L,random_modes_heuristic,default,inventory_recognition,103,0.0,0.0,0.0,0.0
clustered_vs_global,Warehouse-L,random_modes_heuristic,default,localization_slam,184,0.0,0.0,0.0,0.0
clustered_vs_global,Warehouse-L,random_modes_heuristic,default,obstacle_detection,146,0.0,0.0,0.0,0.0
clustered_vs_global,Warehouse-L,random_modes_heuristic,default,path_replanning,164,0.0,0.0,0.0,0.0
clustered_vs_global,Warehouse-L,random_modes_heuristic,default,perception,115,0.0,0.0,0.0,0.0
clustered_vs_global,Warehouse-L,random_modes_heuristic,default,telemetry_diagnostics,168,0.0,0.0,0.0,0.0
sensitivity_operation_modes,Warehouse-M,fixed_heuristic,aggressive_bias,inventory_recognition,51,0.0,0.0,0.0,0.0
sensitivity_operation_modes,Warehouse-M,fixed_heuristic,aggressive_bias,localization_slam,121,0.0,0.0,0.0,0.0
sensitivity_operation_modes,Warehouse-M,fixed_heuristic,aggressive_bias,obstacle_detection,71,0.0,0.0,0.0,0.0
sensitivity_operation_modes,Warehouse-M,fixed_heuristic,aggressive_bias,path_replanning,94,0.0,0.0,0.0,0.0
sensitivity_operation_modes,Warehouse-M,fixed_heuristic,aggressive_bias,perception,44,0.0,0.0,0.0,0.0
sensitivity_operation_modes,Warehouse-M,fixed_heuristic,aggressive_bias,telemetry_diagnostics,88,0.0,0.0,0.0,0.0
sensitivity_operation_modes,Warehouse-M,fixed_heuristic,conservative,inventory_recognition,43,0.0,0.0,0.0,0.0
sensitivity_operation_modes,Warehouse-M,fixed_heuristic,conservative,localization_slam,121,0.0,0.0,0.0,0.0
sensitivity_operation_modes,Warehouse-M,fixed_heuristic,conservative,obstacle_detection,60,0.0,0.0,0.0,0.0
sensitivity_operation_modes,Warehouse-M,fixed_heuristic,conservative,path_replanning,94,0.0,0.0,0.0,0.0
sensitivity_operation_modes,Warehouse-M,fixed_heuristic,conservative,perception,40,0.0,0.0,0.0,0.0
sensitivity_operation_modes,Warehouse-M,fixed_heuristic,conservative,telemetry_diagnostics,88,0.0,0.0,0.0,0.0
sensitivity_operation_modes,Warehouse-M,fixed_heuristic,default,inventory_recognition,47,0.0,0.0,0.0,0.0
sensitivity_operation_modes,Warehouse-M,fixed_heuristic,default,localization_slam,121,0.0,0.0,0.0,0.0
sensitivity_operation_modes,Warehouse-M,fixed_heuristic,default,obstacle_detection,65,0.0,0.0,0.0,0.0
sensitivity_operation_modes,Warehouse-M,fixed_heuristic,default,path_replanning,94,0.0,0.0,0.0,0.0
sensitivity_operation_modes,Warehouse-M,fixed_heuristic,default,perception,39,0.0,0.0,0.0,0.0
sensitivity_operation_modes,Warehouse-M,fixed_heuristic,default,telemetry_diagnostics,88,0.0,0.0,0.0,0.0
sensitivity_operation_modes,Warehouse-M,fixed_vcg,aggressive_bias,inventory_recognition,51,3.241851231905457e-14,6.356571042951877e-16,3.241851231905457e-14,6.356571042951877e-16
sensitivity_operation_modes,Warehouse-M,fixed_vcg,aggressive_bias,localization_slam,121,0.6302458074502424,0.005208643036778863,0.6302458074502424,0.005208643036778863
sensitivity_operation_modes,Warehouse-M,fixed_vcg,aggressive_bias,obstacle_detection,71,1.687538997430238e-14,2.376815489338363e-16,1.687538997430238e-14,2.376815489338363e-16
sensitivity_operation_modes,Warehouse-M,fixed_vcg,aggressive_bias,path_replanning,94,6.306066779870889e-14,6.708581680713712e-16,6.306066779870889e-14,6.708581680713712e-16
sensitivity_operation_modes,Warehouse-M,fixed_vcg,aggressive_bias,perception,44,7.105427357601002e-15,1.6148698540002277e-16,7.105427357601002e-15,1.6148698540002277e-16
sensitivity_operation_modes,Warehouse-M,fixed_vcg,aggressive_bias,telemetry_diagnostics,88,2.5979218776228663e-14,2.9521839518441663e-16,2.5979218776228663e-14,2.9521839518441663e-16
sensitivity_operation_modes,Warehouse-M,fixed_vcg,conservative,inventory_recognition,44,2.5145472313337818,0.0571488007121314,2.5145472313337818,0.0571488007121314
sensitivity_operation_modes,Warehouse-M,fixed_vcg,conservative,localization_slam,121,5.284661597215745e-14,4.367488923318798e-16,5.284661597215745e-14,4.367488923318798e-16
sensitivity_operation_modes,Warehouse-M,fixed_vcg,conservative,obstacle_detection,60,1.3322676295501878e-14,2.220446049250313e-16,1.3322676295501878e-14,2.220446049250313e-16
sensitivity_operation_modes,Warehouse-M,fixed_vcg,conservative,path_replanning,94,1.942890293094024e-14,2.066904567121302e-16,1.942890293094024e-14,2.066904567121302e-16
sensitivity_operation_modes,Warehouse-M,fixed_vcg,conservative,perception,40,9.547918011776346e-15,2.3869795029440865e-16,9.547918011776346e-15,2.3869795029440865e-16
sensitivity_operation_modes,Warehouse-M,fixed_vcg,conservative,telemetry_diagnostics,88,3.885780586188048e-14,4.4156597570318724e-16,3.885780586188048e-14,4.4156597570318724e-16
sensitivity_operation_modes,Warehouse-M,fixed_vcg,default,inventory_recognition,47,1.021405182655144e-14,2.1732025162875404e-16,1.021405182655144e-14,2.1732025162875404e-16
sensitivity_operation_modes,Warehouse-M,fixed_vcg,default,localization_slam,121,0.7597904491144831,0.006279259910037051,0.7597904491144831,0.006279259910037051
sensitivity_operation_modes,Warehouse-M,fixed_vcg,default,obstacle_detection,65,2.042810365310288e-14,3.1427851774004433e-16,2.042810365310288e-14,3.1427851774004433e-16
sensitivity_operation_modes,Warehouse-M,fixed_vcg,default,path_replanning,94,4.707345624410664e-14,5.007814494053897e-16,4.707345624410664e-14,5.007814494053897e-16
sensitivity_operation_modes,Warehouse-M,fixed_vcg,default,perception,39,1.0658141036401503e-14,2.7328566760003855e-16,1.0658141036401503e-14,2.7328566760003855e-16
sensitivity_operation_modes,Warehouse-M,fixed_vcg,default,telemetry_diagnostics,88,3.241851231905457e-14,3.6839218544380196e-16,3.241851231905457e-14,3.6839218544380196e-16
sensitivity_operation_modes,Warehouse-M,qmix_heuristic,aggressive_bias,inventory_recognition,43,0.0,0.0,0.0,0.0
sensitivity_operation_modes,Warehouse-M,qmix_heuristic,aggressive_bias,localization_slam,121,0.0,0.0,0.0,0.0
sensitivity_operation_modes,Warehouse-M,qmix_heuristic,aggressive_bias,obstacle_detection,75,0.0,0.0,0.0,0.0
sensitivity_operation_modes,Warehouse-M,qmix_heuristic,aggressive_bias,path_replanning,94,0.0,0.0,0.0,0.0
sensitivity_operation_modes,Warehouse-M,qmix_heuristic,aggressive_bias,perception,43,0.0,0.0,0.0,0.0
sensitivity_operation_modes,Warehouse-M,qmix_heuristic,aggressive_bias,telemetry_diagnostics,88,0.0,0.0,0.0,0.0
sensitivity_operation_modes,Warehouse-M,qmix_heuristic,conservative,inventory_recognition,41,0.0,0.0,0.0,0.0
sensitivity_operation_modes,Warehouse-M,qmix_heuristic,conservative,localization_slam,121,0.0,0.0,0.0,0.0
sensitivity_operation_modes,Warehouse-M,qmix_heuristic,conservative,obstacle_detection,69,0.0,0.0,0.0,0.0
sensitivity_operation_modes,Warehouse-M,qmix_heuristic,conservative,path_replanning,94,0.0,0.0,0.0,0.0
sensitivity_operation_modes,Warehouse-M,qmix_heuristic,conservative,perception,36,0.0,0.0,0.0,0.0
sensitivity_operation_modes,Warehouse-M,qmix_heuristic,conservative,telemetry_diagnostics,88,0.0,0.0,0.0,0.0
sensitivity_operation_modes,Warehouse-M,qmix_heuristic,default,inventory_recognition,40,0.0,0.0,0.0,0.0
sensitivity_operation_modes,Warehouse-M,qmix_heuristic,default,localization_slam,121,0.0,0.0,0.0,0.0
sensitivity_operation_modes,Warehouse-M,qmix_heuristic,default,obstacle_detection,70,0.0,0.0,0.0,0.0
sensitivity_operation_modes,Warehouse-M,qmix_heuristic,default,path_replanning,94,0.0,0.0,0.0,0.0
sensitivity_operation_modes,Warehouse-M,qmix_heuristic,default,perception,39,0.0,0.0,0.0,0.0
sensitivity_operation_modes,Warehouse-M,qmix_heuristic,default,telemetry_diagnostics,88,0.0,0.0,0.0,0.0
sensitivity_operation_modes,Warehouse-M,ample_amr,aggressive_bias,inventory_recognition,43,1.7763568394002505e-14,4.1310624172098847e-16,1.7763568394002505e-14,4.1310624172098847e-16
sensitivity_operation_modes,Warehouse-M,ample_amr,aggressive_bias,localization_slam,121,3.597122599785507e-14,2.9728285948640555e-16,3.597122599785507e-14,2.9728285948640555e-16
sensitivity_operation_modes,Warehouse-M,ample_amr,aggressive_bias,obstacle_detection,75,2.4868995751603507e-14,3.315866100213801e-16,2.4868995751603507e-14,3.315866100213801e-16
sensitivity_operation_modes,Warehouse-M,ample_amr,aggressive_bias,path_replanning,94,2.708944180085382e-14,2.8818555107291297e-16,2.708944180085382e-14,2.8818555107291297e-16
sensitivity_operation_modes,Warehouse-M,ample_amr,aggressive_bias,perception,43,6.217248937900877e-15,1.4458718460234598e-16,6.217248937900877e-15,1.4458718460234598e-16
sensitivity_operation_modes,Warehouse-M,ample_amr,aggressive_bias,telemetry_diagnostics,88,1.2656542480726785e-14,1.4382434637189527e-16,1.2656542480726785e-14,1.4382434637189527e-16
sensitivity_operation_modes,Warehouse-M,ample_amr,conservative,inventory_recognition,41,2.6645352591003757e-15,6.498866485610672e-17,2.6645352591003757e-15,6.498866485610672e-17
sensitivity_operation_modes,Warehouse-M,ample_amr,conservative,localization_slam,121,6.616929226765933e-14,5.468536551046225e-16,6.616929226765933e-14,5.468536551046225e-16
sensitivity_operation_modes,Warehouse-M,ample_amr,conservative,obstacle_detection,69,1.9539925233402755e-14,2.831873222232283e-16,1.9539925233402755e-14,2.831873222232283e-16
sensitivity_operation_modes,Warehouse-M,ample_amr,conservative,path_replanning,94,4.907185768843192e-14,5.220410392386374e-16,4.907185768843192e-14,5.220410392386374e-16
sensitivity_operation_modes,Warehouse-M,ample_amr,conservative,perception,36,1.4432899320127035e-14,4.0091387000352876e-16,1.4432899320127035e-14,4.0091387000352876e-16
sensitivity_operation_modes,Warehouse-M,ample_amr,conservative,telemetry_diagnostics,88,4.1300296516055823e-14,4.693215513188162e-16,4.1300296516055823e-14,4.693215513188162e-16
sensitivity_operation_modes,Warehouse-M,ample_amr,default,inventory_recognition,40,1.4210854715202004e-14,3.552713678800501e-16,1.4210854715202004e-14,3.552713678800501e-16
sensitivity_operation_modes,Warehouse-M,ample_amr,default,localization_slam,121,4.3298697960381105e-14,3.578404790114141e-16,4.3298697960381105e-14,3.578404790114141e-16
sensitivity_operation_modes,Warehouse-M,ample_amr,default,obstacle_detection,70,1.2434497875801753e-14,1.7763568394002506e-16,1.2434497875801753e-14,1.7763568394002506e-16
sensitivity_operation_modes,Warehouse-M,ample_amr,default,path_replanning,94,4.596323321948148e-14,4.889705661646966e-16,4.596323321948148e-14,4.889705661646966e-16
sensitivity_operation_modes,Warehouse-M,ample_amr,default,perception,39,1.0658141036401503e-14,2.7328566760003855e-16,1.0658141036401503e-14,2.7328566760003855e-16
sensitivity_operation_modes,Warehouse-M,ample_amr,default,telemetry_diagnostics,88,1.1546319456101628e-14,1.312081756375185e-16,1.1546319456101628e-14,1.312081756375185e-16
sensitivity_operation_modes,Warehouse-M,c_ample_amr,aggressive_bias,inventory_recognition,41,5.329070518200751e-15,1.2997732971221344e-16,5.329070518200751e-15,1.2997732971221344e-16
sensitivity_operation_modes,Warehouse-M,c_ample_amr,aggressive_bias,localization_slam,121,5.3290705182007514e-14,4.404190510909712e-16,5.3290705182007514e-14,4.404190510909712e-16
sensitivity_operation_modes,Warehouse-M,c_ample_amr,aggressive_bias,obstacle_detection,69,1.8207657603852567e-14,2.638790957080082e-16,1.8207657603852567e-14,2.638790957080082e-16
sensitivity_operation_modes,Warehouse-M,c_ample_amr,aggressive_bias,path_replanning,94,3.397282455352979e-14,3.6141302716521052e-16,3.397282455352979e-14,3.6141302716521052e-16
sensitivity_operation_modes,Warehouse-M,c_ample_amr,aggressive_bias,perception,40,1.6431300764452317e-14,4.1078251911130794e-16,1.6431300764452317e-14,4.1078251911130794e-16
sensitivity_operation_modes,Warehouse-M,c_ample_amr,aggressive_bias,telemetry_diagnostics,88,2.5757174171303632e-14,2.9269516103754126e-16,2.5757174171303632e-14,2.9269516103754126e-16
sensitivity_operation_modes,Warehouse-M,c_ample_amr,conservative,inventory_recognition,39,7.993605777301127e-15,2.049642507000289e-16,7.993605777301127e-15,2.049642507000289e-16
sensitivity_operation_modes,Warehouse-M,c_ample_amr,conservative,localization_slam,120,2.6423307986078726e-14,2.2019423321732272e-16,2.6423307986078726e-14,2.2019423321732272e-16
sensitivity_operation_modes,Warehouse-M,c_ample_amr,conservative,obstacle_detection,69,1.865174681370263e-14,2.703151712130816e-16,1.865174681370263e-14,2.703151712130816e-16
sensitivity_operation_modes,Warehouse-M,c_ample_amr,conservative,path_replanning,94,2.531308496145357e-14,2.6928813788780395e-16,2.531308496145357e-14,2.6928813788780395e-16
sensitivity_operation_modes,Warehouse-M,c_ample_amr,conservative,perception,37,7.105427357601002e-15,1.9203857723245952e-16,7.105427357601002e-15,1.9203857723245952e-16
sensitivity_operation_modes,Warehouse-M,c_ample_amr,conservative,telemetry_diagnostics,88,2.9753977059954195e-14,3.3811337568129767e-16,2.9753977059954195e-14,3.3811337568129767e-16
sensitivity_operation_modes,Warehouse-M,c_ample_amr,default,inventory_recognition,41,1.7763568394002505e-14,4.3325776570737815e-16,1.7763568394002505e-14,4.3325776570737815e-16
sensitivity_operation_modes,Warehouse-M,c_ample_amr,default,localization_slam,120,7.682743330406083e-14,6.402286108671736e-16,7.682743330406083e-14,6.402286108671736e-16
sensitivity_operation_modes,Warehouse-M,c_ample_amr,default,obstacle_detection,70,6.217248937900877e-15,8.881784197001253e-17,6.217248937900877e-15,8.881784197001253e-17
sensitivity_operation_modes,Warehouse-M,c_ample_amr,default,path_replanning,94,3.197442310920451e-14,3.4015343733196285e-16,3.197442310920451e-14,3.4015343733196285e-16
sensitivity_operation_modes,Warehouse-M,c_ample_amr,default,perception,38,1.3322676295501878e-14,3.505967446184705e-16,1.3322676295501878e-14,3.505967446184705e-16
sensitivity_operation_modes,Warehouse-M,c_ample_amr,default,telemetry_diagnostics,88,2.2426505097428162e-14,2.5484664883441093e-16,2.2426505097428162e-14,2.5484664883441093e-16
sensitivity_operation_modes,Warehouse-M,random_modes_heuristic,aggressive_bias,inventory_recognition,45,0.0,0.0,0.0,0.0
sensitivity_operation_modes,Warehouse-M,random_modes_heuristic,aggressive_bias,localization_slam,121,0.0,0.0,0.0,0.0
sensitivity_operation_modes,Warehouse-M,random_modes_heuristic,aggressive_bias,obstacle_detection,74,0.0,0.0,0.0,0.0
sensitivity_operation_modes,Warehouse-M,random_modes_heuristic,aggressive_bias,path_replanning,94,0.0,0.0,0.0,0.0
sensitivity_operation_modes,Warehouse-M,random_modes_heuristic,aggressive_bias,perception,40,0.0,0.0,0.0,0.0
sensitivity_operation_modes,Warehouse-M,random_modes_heuristic,aggressive_bias,telemetry_diagnostics,88,0.0,0.0,0.0,0.0
sensitivity_operation_modes,Warehouse-M,random_modes_heuristic,conservative,inventory_recognition,43,0.0,0.0,0.0,0.0
sensitivity_operation_modes,Warehouse-M,random_modes_heuristic,conservative,localization_slam,120,0.0,0.0,0.0,0.0
sensitivity_operation_modes,Warehouse-M,random_modes_heuristic,conservative,obstacle_detection,65,0.0,0.0,0.0,0.0
sensitivity_operation_modes,Warehouse-M,random_modes_heuristic,conservative,path_replanning,94,0.0,0.0,0.0,0.0
sensitivity_operation_modes,Warehouse-M,random_modes_heuristic,conservative,perception,37,0.0,0.0,0.0,0.0
sensitivity_operation_modes,Warehouse-M,random_modes_heuristic,conservative,telemetry_diagnostics,88,0.0,0.0,0.0,0.0
sensitivity_operation_modes,Warehouse-M,random_modes_heuristic,default,inventory_recognition,41,0.0,0.0,0.0,0.0
sensitivity_operation_modes,Warehouse-M,random_modes_heuristic,default,localization_slam,120,0.0,0.0,0.0,0.0
sensitivity_operation_modes,Warehouse-M,random_modes_heuristic,default,obstacle_detection,70,0.0,0.0,0.0,0.0
sensitivity_operation_modes,Warehouse-M,random_modes_heuristic,default,path_replanning,94,0.0,0.0,0.0,0.0
sensitivity_operation_modes,Warehouse-M,random_modes_heuristic,default,perception,39,0.0,0.0,0.0,0.0
sensitivity_operation_modes,Warehouse-M,random_modes_heuristic,default,telemetry_diagnostics,88,0.0,0.0,0.0,0.0
